<abilities>
    <ability>
        <name>ADAPTABILITY</name>
        <type>BOOST STAB</type>
    </ability>
    <ability>
        <name>ANGER POINT</name>
        <type>EFFECT ON CRIT</type>
        <effectDelegates>
            <effectDelegate>
                <type>STAT MOD</type>
                <stat>ATK</stat>
                <degree>12</degree>
                <affectUser>1</affectUser>
            </effectDelegate>
        </effectDelegates>
    </ability>
    <ability>
        <name>BATTLE ARMOR</name>
        <type>NO CRIT</type>
    </ability>
    <ability>
        <name>COMPOUNDEYES</name>
        <type>ACC MOD</type>
        <degree>1.3</degree>
    </ability>
    <ability>
        <name>DEFIANT</name>
        <type>EFFECT ON STAT MOD</type>
        <message>%s raised its ATK in defiance. </message>
        <effectDelegates>
            <effectDelegate>
                <type>STAT MOD</type>
                <stat>ATK</stat>
                <degree>2</degree>
                <affectUser>1</affectUser>
            </effectDelegate>
        </effectDelegates>
    </ability>
    <ability>
        <name>HYPER CUTTER</name>
        <type>CANT LOWER STAT</type>
        <stat>ATK</stat>
    </ability>
    <ability>
        <name>KEEN EYE</name>
        <type>CANT LOWER STAT</type>
        <stat>ACC</stat>
    </ability>
    <ability>
        <name>LEVITATE</name>
        <type>DEFENSE EFFECTIVENESS</type>
        <effectivenesses>
            <entry>
                <type>GROUND</type>
                <effectiveness>0</effectiveness>
                <message>{header} is levitating.</message>
            </entry>
        </effectivenesses>
    </ability>
    <ability>
        <name>PRESSURE</name>
        <type>PRESSURE</type>
    </ability>
    <ability>
        <name>POISON POINT</name>
        <type>EFFECT ON CONTACT</type>
        <effectDelegates>
            <effectDelegate>
                <type>CHANCE</type>
                <chance>30</chance>
                <effectDelegates>
                    <effectDelegate>
                        <type>STATUS</type>
                        <status>PSN</status>
                        <affectUser>0</affectUser>
                    </effectDelegate>
                </effectDelegates>
            </effectDelegate>
        </effectDelegates>
    </ability>
    <ability>
        <name>OWN TEMPO</name>
        <type>CONFUSION IMMUNITY</type>
    </ability>
    <ability>
        <name>QUICK FEET</name>
        <type>STAT MOD ON STATUS</type>
        <stat>SPD</stat>
        <degree>1.5</degree>
    </ability>
    <ability>
        <name>ROCK HEAD</name>
        <type>PREVENT RECOIL</type>
    </ability>
    <ability>
        <name>SHED SKIN</name>
        <type>EFFECT AFTER TURN</type>
        <effectDelegates>
            <effectDelegate>
                <type>CHANCE</type>
                <chance>33</chance>
                <effectDelegates>
                    <effectDelegate>
                        <type>CURE STATUS</type>
                        <status>BRN</status>
                        <affectUser>1</affectUser>
                    </effectDelegate>
                    <effectDelegate>
                        <type>CURE STATUS</type>
                        <status>FRZ</status>
                        <affectUser>1</affectUser>
                    </effectDelegate>
                    <effectDelegate>
                        <type>CURE STATUS</type>
                        <status>PAR</status>
                        <affectUser>1</affectUser>
                    </effectDelegate>
                    <effectDelegate>
                        <type>CURE STATUS</type>
                        <status>PSN</status>
                        <affectUser>1</affectUser>
                    </effectDelegate>
                    <effectDelegate>
                        <type>CURE STATUS</type>
                        <status>SLP</status>
                        <affectUser>1</affectUser>
                    </effectDelegate>
                </effectDelegates>
            </effectDelegate>
        </effectDelegates>
    </ability>
    <ability>
        <name>SNIPER</name>
        <type>SNIPER</type>
    </ability>
    <ability>
        <name>SPEED BOOST</name>
        <type>EFFECT AFTER TURN</type>
        <effectDelegates>
            <effectDelegate>
                <type>STAT MOD</type>
                <stat>SPD</stat>
                <degree>1</degree>
                <affectUser>1</affectUser>
            </effectDelegate>
        </effectDelegates>
    </ability>
    <ability>
        <name>TRUANT</name>
        <type>SKIP TURN</type>
    </ability>
</abilities>