<attacks>
    <!-- Normal -->
    <attack>
        <name>ACUPRESSURE</name>
        <type>NORMAL</type>
        <PP>30</PP>
        <speedDelegate>
            <type>CORE</type>
            <priority>0</priority>
        </speedDelegate>
        <hitDelegate>
            <type>SELF</type>
        </hitDelegate>
        <effectDelegates>
            <effectDelegate>
                <type>RND STAT MOD</type>
                <degree>2</degree>
                <affectUser>1</affectUser>
            </effectDelegate>
        </effectDelegates>
    </attack>
    <attack>
        <name>BATON PASS</name>
        <type>NORMAL</type>
        <PP>40</PP>
        <speedDelegate>
            <type>CORE</type>
            <priority>0</priority>
        </speedDelegate>
        <hitDelegate>
            <type>SELF</type>
        </hitDelegate>
        <effectDelegates>
            <effectDelegate>
                <type>SWITCH</type>
                <affectUser>1</affectUser>
                <reset>0</reset>
            </effectDelegate>
        </effectDelegates>
    </attack>
    <attack>
        <name>DOUBLE TEAM</name>
        <type>NORMAL</type>
        <PP>15</PP>
        <speedDelegate>
            <type>CORE</type>
            <priority>0</priority>
        </speedDelegate>
        <hitDelegate>
            <type>SELF</type>
        </hitDelegate>
        <effectDelegates>
            <effectDelegate>
                <type>STAT MOD</type>
                <stat>EVAS</stat>
                <degree>1</degree>
                <affectUser>1</affectUser>
            </effectDelegate>
        </effectDelegates>
    </attack>
    <attack>
        <name>ENCORE</name>
        <type>NORMAL</type>
        <PP>5</PP>
        <speedDelegate>
            <type>CORE</type>
            <priority>0</priority>
        </speedDelegate>
        <hitDelegate>
            <type>STATUS CORE</type>
            <hit>100</hit>
        </hitDelegate>
        <effectDelegates>
            <effectDelegate>
                <type>ENCORE</type>
                <turns>3</turns>
                <affectUser>0</affectUser>
            </effectDelegate>
        </effectDelegates>
    </attack>
    <attack contact="true">
        <name>EXTREMESPEED</name>
        <type>NORMAL</type>
        <PP>5</PP>
        <speedDelegate>
            <type>CORE</type>
            <priority>2</priority>
        </speedDelegate>
        <hitDelegate>
            <type>CORE</type>
            <hit>100</hit>
        </hitDelegate>
        <damageDelegate>
            <type>CORE</type>
            <power>80</power>
            <physical>1</physical>
            <critDelegate>
                <base>0</base>
            </critDelegate>
        </damageDelegate>
    </attack>    
    <attack contact="true">
        <name>FALSE SWIPE</name>
        <type>NORMAL</type>
        <PP>40</PP>
        <speedDelegate>
            <type>CORE</type>
            <priority>0</priority>
        </speedDelegate>
        <hitDelegate>
            <type>CORE</type>
            <hit>100</hit>
        </hitDelegate>
        <damageDelegate>
            <type>NO FAINT</type>
            <power>40</power>
            <physical>1</physical>
            <critDelegate>
                <base>0</base>
            </critDelegate>
        </damageDelegate>
    </attack>
    <attack>
        <name>FOCUS ENERGY</name>
        <type>NORMAL</type>
        <PP>30</PP>
        <speedDelegate>
            <type>CORE</type>
            <priority>0</priority>
        </speedDelegate>
        <hitDelegate>
            <type>SELF</type>
        </hitDelegate>
        <effectDelegates>
            <effectDelegate>
                <type>CRIT MOD</type>
                <degree>2</degree>
            </effectDelegate>
        </effectDelegates>
    </attack>
    <attack>
        <name>GROWL</name>
        <type>NORMAL</type>
        <PP>40</PP>
        <speedDelegate>
            <type>CORE</type>
            <priority>0</priority>
        </speedDelegate>
        <hitDelegate>
            <type>STATUS CORE</type>
            <hit>100</hit>
        </hitDelegate>
        <effectDelegates>
            <effectDelegate>
                <type>STAT MOD</type>
                <stat>ATK</stat>
                <degree>-1</degree>
                <affectUser>0</affectUser>
            </effectDelegate>
        </effectDelegates>
    </attack>
    <attack>
        <name>HOWL</name>
        <type>NORMAL</type>
        <PP>40</PP>
        <speedDelegate>
            <type>CORE</type>
            <priority>0</priority>
        </speedDelegate>
        <hitDelegate>
            <type>SELF</type>
        </hitDelegate>
        <effectDelegates>
            <effectDelegate>
                <type>STAT MOD</type>
                <stat>ATK</stat>
                <degree>1</degree>
                <affectUser>1</affectUser>
            </effectDelegate>
        </effectDelegates>
    </attack>
    <attack>
        <name>HYPER BEAM</name>
        <type>NORMAL</type>
        <PP>5</PP>
        <speedDelegate>
            <type>CORE</type>
            <priority>0</priority>
        </speedDelegate>
        <hitDelegate>
            <type>CORE</type>
            <hit>90</hit>
        </hitDelegate>
        <damageDelegate>
            <type>CORE</type>
            <power>150</power>
            <physical>0</physical>
            <critDelegate>
                <base>0</base>
            </critDelegate>
        </damageDelegate>
        <effectDelegates>
            <effectDelegate>
                <type>CHARGE</type>
                <turns>2</turns>
                <hitOnTurn>0</hitOnTurn>
                <message> is recharging.</message>
            </effectDelegate>
        </effectDelegates>
    </attack>    
    <attack contact="true">
        <name>QUICK ATTACK</name>
        <type>NORMAL</type>
        <PP>30</PP>
        <speedDelegate>
            <type>CORE</type>
            <priority>1</priority>
        </speedDelegate>
        <hitDelegate>
            <type>CORE</type>
            <hit>100</hit>
        </hitDelegate>
        <damageDelegate>
            <type>CORE</type>
            <power>40</power>
            <physical>1</physical>
            <critDelegate>
                <base>0</base>
            </critDelegate>
        </damageDelegate>
    </attack>    
    <attack>
        <name>RECOVER</name>
        <type>NORMAL</type>
        <PP>10</PP>
        <speedDelegate>
            <type>CORE</type>
            <priority>0</priority>
        </speedDelegate>
        <hitDelegate>
            <type>SELF</type>
        </hitDelegate>
        <effectDelegates>
            <effectDelegate>
                <type>HEAL HP RATIO</type>
                <ratio>2</ratio>
            </effectDelegate>
        </effectDelegates>
    </attack>
    <attack>
        <name>ROAR</name>
        <type>NORMAL</type>
        <PP>20</PP>
        <speedDelegate>
            <type>CORE</type>
            <priority>-6</priority>
        </speedDelegate>
        <hitDelegate>
            <type>CORE</type>
            <hit>100</hit>
        </hitDelegate>
        <effectDelegates>
            <effectDelegate>
                <type>RANDOM SWITCH</type>
                <affectUser>0</affectUser>
                <reset>1</reset>
            </effectDelegate>
        </effectDelegates>
    </attack>
    <attack>
        <name>SCARY FACE</name>
        <type>NORMAL</type>
        <PP>10</PP>
        <speedDelegate>
            <type>CORE</type>
            <priority>0</priority>
        </speedDelegate>
        <hitDelegate>
            <type>STATUS CORE</type>
            <hit>100</hit>
        </hitDelegate>
        <effectDelegates>
            <effectDelegate>
                <type>STAT MOD</type>
                <stat>SPD</stat>
                <degree>-2</degree>
                <affectUser>0</affectUser>
            </effectDelegate>
        </effectDelegates>
    </attack>    
    <attack contact="true">
        <name>SCRATCH</name>
        <type>NORMAL</type>
        <PP>35</PP>
        <speedDelegate>
            <type>CORE</type>
            <priority>0</priority>
        </speedDelegate>
        <hitDelegate>
            <type>CORE</type>
            <hit>100</hit>
        </hitDelegate>
        <damageDelegate>
            <type>CORE</type>
            <power>40</power>
            <physical>1</physical>
            <critDelegate>
                <base>0</base>
            </critDelegate>
        </damageDelegate>
    </attack>
	<attack>
        <name>SCREECH</name>
        <type>NORMAL</type>
        <PP>40</PP>
        <speedDelegate>
            <type>CORE</type>
            <priority>0</priority>
        </speedDelegate>
        <hitDelegate>
            <type>STATUS CORE</type>
            <hit>85</hit>
        </hitDelegate>
        <effectDelegates>
            <effectDelegate>
                <type>STAT MOD</type>
                <stat>DEF</stat>
                <degree>-2</degree>
                <affectUser>0</affectUser>
            </effectDelegate>
        </effectDelegates>
    </attack>    
    <attack>
        <name>SELFDESTRUCT</name>
        <type>NORMAL</type>
        <PP>5</PP>
        <speedDelegate>
            <type>CORE</type>
            <priority>0</priority>
        </speedDelegate>
        <hitDelegate>
            <type>CORE</type>
            <hit>100</hit>
        </hitDelegate>
        <damageDelegate>
            <type>CORE</type>
            <power>200</power>
            <physical>1</physical>
            <critDelegate>
                <base>0</base>
            </critDelegate>
        </damageDelegate>
        <effectDelegates>
            <effectDelegate>
                <type>SELFDESTRUCT</type>
            </effectDelegate>
        </effectDelegates>
    </attack>
	<attack contact="true">
        <name>SLASH</name>
        <type>NORMAL</type>
        <PP>20</PP>
        <speedDelegate>
            <type>CORE</type>
            <priority>0</priority>
        </speedDelegate>
        <hitDelegate>
            <type>CORE</type>
            <hit>100</hit>
        </hitDelegate>
        <damageDelegate>
            <type>CORE</type>
            <power>70</power>
            <physical>1</physical>
            <critDelegate>
                <base>1</base>
            </critDelegate>
        </damageDelegate>
    </attack>
	<attack>
        <name>SONIC BOOM</name>
        <type>NORMAL</type>
        <PP>20</PP>
        <speedDelegate>
            <type>CORE</type>
            <priority>0</priority>
        </speedDelegate>
        <hitDelegate>
            <type>CORE</type>
            <hit>90</hit>
        </hitDelegate>
        <damageDelegate>
            <type>FIXED</type>
            <physical>0</physical>
            <damage>20</damage>
            <critDelegate>
                <base>0</base>
            </critDelegate>
        </damageDelegate>
    </attack>
    <attack>
        <name>SPLASH</name>
        <type>NORMAL</type>
        <PP>40</PP>
        <speedDelegate>
            <type>CORE</type>
            <priority>0</priority>
        </speedDelegate>
        <hitDelegate>
            <type>SELF</type>
        </hitDelegate>
        <effectDelegates>
            <effectDelegate>
                <type>USELESS</type>
            </effectDelegate>
        </effectDelegates>
    </attack>
	<attack contact="true">
        <name>STRENGTH</name>
        <type>NORMAL</type>
        <PP>15</PP>
        <speedDelegate>
            <type>CORE</type>
            <priority>0</priority>
        </speedDelegate>
        <hitDelegate>
            <type>CORE</type>
            <hit>100</hit>
        </hitDelegate>
        <damageDelegate>
            <type>CORE</type>
            <power>80</power>
            <physical>1</physical>
            <critDelegate>
                <base>0</base>
            </critDelegate>
        </damageDelegate>
    </attack>
	<attack contact="true">
        <name>SUPER FANG</name>
        <type>NORMAL</type>
        <PP>10</PP>
        <speedDelegate>
            <type>CORE</type>
            <priority>0</priority>
        </speedDelegate>
        <hitDelegate>
            <type>CORE</type>
            <hit>90</hit>
        </hitDelegate>
        <damageDelegate>
            <type>HALF HEALTH</type>
            <physical>1</physical>
            <critDelegate>
                <base>0</base>
            </critDelegate>
        </damageDelegate>
    </attack>
	<attack>
        <name>SUPERSONIC</name>
        <type>NORMAL</type>
        <PP>20</PP>
        <speedDelegate>
            <type>CORE</type>
            <priority>0</priority>
        </speedDelegate>
        <hitDelegate>
            <type>STATUS CORE</type>
            <hit>55</hit>
        </hitDelegate>
        <effectDelegates>
            <effectDelegate>
                <type>CONFUSE</type>
                <affectUser>0</affectUser>
            </effectDelegate>
        </effectDelegates>
    </attack>
    <attack>
        <name>SWAGGER</name>
        <type>NORMAL</type>
        <PP>15</PP>
        <speedDelegate>
            <type>CORE</type>
            <priority>0</priority>
        </speedDelegate>
        <hitDelegate>
            <type>STATUS CORE</type>
            <hit>90</hit>
        </hitDelegate>
        <effectDelegates>
            <effectDelegate>
                <type>CONFUSE</type>
                <affectUser>0</affectUser>
            </effectDelegate>
            <effectDelegate>
                <type>STAT MOD</type>
                <stat>ATK</stat>
                <degree>2</degree>
                <affectUser>0</affectUser>
            </effectDelegate>
        </effectDelegates>
    </attack>
    <attack contact="true">
        <name>TACKLE</name>
        <type>NORMAL</type>
        <PP>35</PP>
        <speedDelegate>
            <type>CORE</type>
            <priority>0</priority>
        </speedDelegate>
        <hitDelegate>
            <type>CORE</type>
            <hit>95</hit>
        </hitDelegate>
        <damageDelegate>
            <type>CORE</type>
            <power>35</power>
            <physical>1</physical>
            <critDelegate>
                <base>0</base>
            </critDelegate>
        </damageDelegate>
    </attack>
	<attack>
        <name>TAIL WHIP</name>
        <type>NORMAL</type>
        <PP>30</PP>
        <speedDelegate>
            <type>CORE</type>
            <priority>0</priority>
        </speedDelegate>
        <hitDelegate>
            <type>STATUS CORE</type>
            <hit>100</hit>
        </hitDelegate>
        <effectDelegates>
            <effectDelegate>
                <type>STAT MOD</type>
                <stat>DEF</stat>
                <degree>-1</degree>
                <affectUser>0</affectUser>
            </effectDelegate>
        </effectDelegates>
    </attack>    
    <attack contact="true">
        <name>TAKE DOWN</name>
        <type>NORMAL</type>
        <PP>20</PP>
        <speedDelegate>
            <type>CORE</type>
            <priority>0</priority>
        </speedDelegate>
        <hitDelegate>
            <type>CORE</type>
            <hit>85</hit>
        </hitDelegate>
        <damageDelegate>
            <type>EFFECT ON DAMAGE</type>
            <power>90</power>
            <physical>1</physical>
            <critDelegate>
                <base>0</base>
            </critDelegate>
        </damageDelegate>
        <effectDelegates>
            <effectDelegate>
                <type>RECOIL</type>
                <ratio>4</ratio>
            </effectDelegate>
        </effectDelegates>
    </attack>
    <attack contact="true">
        <name>THRASH</name>
        <type>NORMAL</type>
        <PP>10</PP>
        <speedDelegate>
            <type>CORE</type>
            <priority>0</priority>
        </speedDelegate>
        <hitDelegate>
            <type>CORE</type>
            <hit>100</hit>
        </hitDelegate>
        <damageDelegate>
            <type>CORE</type>
            <physical>1</physical>
            <power>120</power>
            <critDelegate>
                <base>0</base>
            </critDelegate>
        </damageDelegate>
        <effectDelegates>
            <effectDelegate>
                <type>MULTI TURN RANGE</type>
                <min>2</min>
                <max>3</max>
                 <effectDelegates>
                    <effectDelegate>
                        <type>CONFUSE</type>
                        <affectUser>1</affectUser>
                    </effectDelegate>
                </effectDelegates>
            </effectDelegate>
        </effectDelegates>
    </attack>
    <!-- Fire -->
    <attack>
        <name>EMBER</name>
        <type>FIRE</type>
        <PP>25</PP>
        <speedDelegate>
            <type>CORE</type>
            <priority>0</priority>
        </speedDelegate>
        <hitDelegate>
            <type>CORE</type>
            <hit>100</hit>
        </hitDelegate>
        <damageDelegate>
            <type>CORE</type>
            <power>40</power>
            <physical>0</physical>
            <critDelegate>
                <base>0</base>
            </critDelegate>
        </damageDelegate>
        <effectDelegates>
            <effectDelegate>
                <type>CHANCE</type>
                <chance>10</chance>
                <effectDelegates>
                    <effectDelegate>
                        <type>STATUS</type>
                        <status>BRN</status>
                        <affectUser>0</affectUser>
                    </effectDelegate>
                </effectDelegates>
            </effectDelegate>
            <effectDelegate>
                <type>CURE STATUS</type>
                <status>FRZ</status>
                <affectUser>0</affectUser>
            </effectDelegate>
        </effectDelegates>
    </attack>
	<attack>
        <name>FLAMETHROWER</name>
        <type>FIRE</type>
        <PP>15</PP>
        <speedDelegate>
            <type>CORE</type>
            <priority>0</priority>
        </speedDelegate>
        <hitDelegate>
            <type>CORE</type>
            <hit>100</hit>
        </hitDelegate>
        <damageDelegate>
            <type>CORE</type>
            <power>95</power>
            <physical>0</physical>
            <critDelegate>
                <base>0</base>
            </critDelegate>
        </damageDelegate>
        <effectDelegates>
            <effectDelegate>
                <type>CHANCE</type>
                <chance>10</chance>
                <effectDelegates>
                    <effectDelegate>
                        <type>STATUS</type>
                        <status>BRN</status>
                        <affectUser>0</affectUser>
                    </effectDelegate>
                </effectDelegates>
            </effectDelegate>
            <effectDelegate>
                <type>CURE STATUS</type>
                <status>FRZ</status>
                <affectUser>0</affectUser>
            </effectDelegate>
        </effectDelegates>
    </attack>
	<attack>
        <name>HEAT WAVE</name>
        <type>FIRE</type>
        <PP>10</PP>
        <speedDelegate>
            <type>CORE</type>
            <priority>0</priority>
        </speedDelegate>
        <hitDelegate>
            <type>CORE</type>
            <hit>90</hit>
        </hitDelegate>
        <damageDelegate>
            <type>CORE</type>
            <power>100</power>
            <physical>0</physical>
            <critDelegate>
                <base>0</base>
            </critDelegate>
        </damageDelegate>
        <effectDelegates>
            <effectDelegate>
                <type>CHANCE</type>
                <chance>10</chance>
                <effectDelegates>
                    <effectDelegate>
                        <type>STATUS</type>
                        <status>BRN</status>
                        <affectUser>0</affectUser>
                    </effectDelegate>
                </effectDelegates>
            </effectDelegate>
            <effectDelegate>
                <type>CURE STATUS</type>
                <status>FRZ</status>
                <affectUser>0</affectUser>
            </effectDelegate>
        </effectDelegates>
    </attack>
	<attack>
        <name>OVERHEAT</name>
        <type>FIRE</type>
        <PP>5</PP>
        <speedDelegate>
            <type>CORE</type>
            <priority>0</priority>
        </speedDelegate>
        <hitDelegate>
            <type>CORE</type>
            <hit>90</hit>
        </hitDelegate>
        <damageDelegate>
            <type>CORE</type>
            <power>140</power>
            <physical>0</physical>
            <critDelegate>
                <base>0</base>
            </critDelegate>
        </damageDelegate>
        <effectDelegates>
            <effectDelegate>
                <type>STAT MOD</type>
                <stat>SATK</stat>
                <degree>-2</degree>
                <affectUser>1</affectUser>
            </effectDelegate>
            <effectDelegate>
                <type>CURE STATUS</type>
                <status>FRZ</status>
                <affectUser>0</affectUser>
            </effectDelegate>
        </effectDelegates>
    </attack>
	<attack>
        <name>WILL-O-WISP</name>
        <type>FIRE</type>
        <PP>15</PP>
        <speedDelegate>
            <type>CORE</type>
            <priority>0</priority>
        </speedDelegate>
        <hitDelegate>
            <type>STATUS CORE</type>
            <hit>75</hit>
        </hitDelegate>
        <effectDelegates>
            <effectDelegate>
                <type>STATUS</type>
                <status>BRN</status>
                <affectUser>0</affectUser>
            </effectDelegate>
        </effectDelegates>
    </attack>
	<!-- Water -->
    <attack>
        <name>AQUA RING</name>
        <type>WATER</type>
        <PP>20</PP>
        <speedDelegate>
            <type>CORE</type>
            <priority>0</priority>
        </speedDelegate>
        <hitDelegate>
            <type>SELF</type>
        </hitDelegate>
        <effectDelegates>
            <effectDelegate>
                <type>PERIODIC HEAL</type>
                <startMessage> surrounded itself with a veil of water.</startMessage>
                <message> was healed by the veil.</message>
            </effectDelegate>
        </effectDelegates>
    </attack>
	<attack>
        <name>SURF</name>
        <type>WATER</type>
        <PP>15</PP>
        <speedDelegate>
            <type>CORE</type>
            <priority>0</priority>
        </speedDelegate>
        <hitDelegate>
            <type>CORE</type>
            <hit>100</hit>
        </hitDelegate>
        <damageDelegate>
            <type>CORE</type>
            <power>95</power>
            <physical>0</physical>
            <critDelegate>
                <base>0</base>
            </critDelegate>
        </damageDelegate>
    </attack>
	<attack>
        <name>WHIRLPOOL</name>
        <type>WATER</type>
        <PP>15</PP>
        <speedDelegate>
            <type>CORE</type>
            <priority>0</priority>
        </speedDelegate>
        <hitDelegate>
            <type>CORE</type>
            <hit>85</hit>
        </hitDelegate>
        <damageDelegate>
            <type>CORE</type>
            <power>35</power>
            <physical>0</physical>
            <critDelegate>
                <base>0</base>
            </critDelegate>
        </damageDelegate>
        <effectDelegates>
            <effectDelegate>
                <type>TRAP</type>
                <startMessage> is caught in a whirlpool.</startMessage>
                <message> is hurt by the whirlpool.</message>
                <doneMessage> is no longer caught in the whirlpool.</doneMessage>
            </effectDelegate>
        </effectDelegates>
    </attack>
    <!-- Electric -->
    <attack contact="true">
        <name>BOLT STRIKE</name>
        <type>ELECTRIC</type>
        <PP>5</PP>
        <speedDelegate>
            <type>CORE</type>
            <priority>0</priority>
        </speedDelegate>
        <hitDelegate>
            <type>CORE</type>
            <hit>85</hit>
        </hitDelegate>
        <damageDelegate>
            <type>CORE</type>
            <power>130</power>
            <physical>1</physical>
            <critDelegate>
                <base>0</base>
            </critDelegate>
        </damageDelegate>
        <effectDelegates>
            <effectDelegate>
                <type>CHANCE</type>
                <chance>20</chance>
                <effectDelegates>
                    <effectDelegate>
                        <type>STATUS</type>
                        <status>PRZ</status>
                        <affectUser>0</affectUser>
                    </effectDelegate>
                </effectDelegates>
            </effectDelegate>
        </effectDelegates>
    </attack>
    <attack>
        <name>CHARGE BEAM</name>
        <type>ELECTRIC</type>
        <PP>10</PP>
        <speedDelegate>
            <type>CORE</type>
            <priority>0</priority>
        </speedDelegate>
        <hitDelegate>
            <type>CORE</type>
            <hit>90</hit>
        </hitDelegate>
        <damageDelegate>
            <type>CORE</type>
            <power>50</power>
            <physical>0</physical>
            <critDelegate>
                <base>0</base>
            </critDelegate>
        </damageDelegate>
        <effectDelegates>
            <effectDelegate>
                <type>CHANCE</type>
                <chance>70</chance>
                <effectDelegates>
                    <effectDelegate>
                        <type>STAT MOD</type>
                        <stat>SATK</stat>
                        <degree>1</degree>
                        <affectUser>1</affectUser>
                    </effectDelegate>
                </effectDelegates>
            </effectDelegate>
        </effectDelegates>
    </attack>
    <attack>
        <name>ELECTRO BALL</name>
        <type>ELECTRIC</type>
        <PP>10</PP>
        <speedDelegate>
            <type>CORE</type>
            <priority>0</priority>
        </speedDelegate>
        <hitDelegate>
            <type>CORE</type>
            <hit>100</hit>
        </hitDelegate>
        <damageDelegate>
            <type>STAT RATIO FIXED</type>
            <physical>0</physical>
            <stat>SPD</stat>
            <critDelegate>
                <base>0</base>
            </critDelegate>
        </damageDelegate>
    </attack>
    <attack contact="true">
        <name>SPARK</name>
        <type>ELECTRIC</type>
        <PP>20</PP>
        <speedDelegate>
            <type>CORE</type>
            <priority>0</priority>
        </speedDelegate>
        <hitDelegate>
            <type>CORE</type>
            <hit>100</hit>
        </hitDelegate>
        <damageDelegate>
            <type>CORE</type>
            <power>65</power>
            <physical>1</physical>
            <critDelegate>
                <base>0</base>
            </critDelegate>
        </damageDelegate>
        <effectDelegates>
            <effectDelegate>
                <type>CHANCE</type>
                <chance>30</chance>
                <effectDelegates>
                    <effectDelegate>
                        <type>STATUS</type>
                        <status>PRZ</status>
                        <affectUser>0</affectUser>
                    </effectDelegate>
                </effectDelegates>
            </effectDelegate>
        </effectDelegates>
    </attack>
    <attack>
        <name>THUNDER WAVE</name>
        <type>ELECTRIC</type>
        <PP>20</PP>
        <speedDelegate>
            <type>CORE</type>
            <priority>0</priority>
        </speedDelegate>
        <hitDelegate>
            <type>STATUS CORE</type>
            <hit>100</hit>
        </hitDelegate>
        <effectDelegates>
            <effectDelegate>
                <type>STATUS</type>
                <status>PAR</status>
                <affectUser>0</affectUser>
            </effectDelegate>
        </effectDelegates>
    </attack>
    <attack>
        <name>THUNDERBOLT</name>
        <type>ELECTRIC</type>
        <PP>15</PP>
        <speedDelegate>
            <type>CORE</type>
            <priority>0</priority>
        </speedDelegate>
        <hitDelegate>
            <type>CORE</type>
            <hit>100</hit>
        </hitDelegate>
        <damageDelegate>
            <type>CORE</type>
            <power>95</power>
            <physical>0</physical>
            <critDelegate>
                <base>0</base>
            </critDelegate>
        </damageDelegate>
        <effectDelegates>
            <effectDelegate>
                <type>CHANCE</type>
                <chance>10</chance>
                <effectDelegates>
                    <effectDelegate>
                        <type>STATUS</type>
                        <status>PRZ</status>
                        <affectUser>0</affectUser>
                    </effectDelegate>
                </effectDelegates>
            </effectDelegate>
        </effectDelegates>
    </attack>
    <attack>
        <name>THUNDERSHOCK</name>
        <type>ELECTRIC</type>
        <PP>30</PP>
        <speedDelegate>
            <type>CORE</type>
            <priority>0</priority>
        </speedDelegate>
        <hitDelegate>
            <type>CORE</type>
            <hit>100</hit>
        </hitDelegate>
        <damageDelegate>
            <type>CORE</type>
            <power>40</power>
            <physical>0</physical>
            <critDelegate>
                <base>0</base>
            </critDelegate>
        </damageDelegate>
    </attack>
    <attack>
        <name>VOLT SWITCH</name>
        <type>ELECTRIC</type>
        <PP>15</PP>
        <speedDelegate>
            <type>CORE</type>
            <priority>0</priority>
        </speedDelegate>
        <hitDelegate>
            <type>CORE</type>
            <hit>100</hit>
        </hitDelegate>
        <damageDelegate>
            <type>EFFECT ON DAMAGE</type>
            <power>120</power>
            <physical>1</physical>
            <critDelegate>
                <base>0</base>
            </critDelegate>
        </damageDelegate>
        <effectDelegates>
            <effectDelegate>
                <type>RECOIL</type>
                <ratio>3</ratio>
            </effectDelegate>
            <effectDelegate>
                <type>CHANCE</type>
                <chance>10</chance>
                <effectDelegates>
                    <effectDelegate>
                        <type>STATUS</type>
                        <status>PRZ</status>
                        <affectUser>0</affectUser>
                    </effectDelegate>
                </effectDelegates>
            </effectDelegate>
        </effectDelegates>
    </attack>
    <!-- Grass -->
    <attack>
        <name>LEECH SEED</name>
        <type>GRASS</type>
        <PP>10</PP>
        <speedDelegate>
            <type>CORE</type>
            <priority>0</priority>
        </speedDelegate>
        <hitDelegate>
            <type>CORE</type>
            <hit>90</hit>
        </hitDelegate>
        <effectDelegates>
            <effectDelegate>
                <type>LEECH</type>
                <startMessage> was seeded.</startMessage>
                <message>'s health was sapped by LEECH SEED.</message>
            </effectDelegate>
        </effectDelegates>
    </attack>
    <attack>
        <name>MEGA DRAIN</name>
        <type>GRASS</type>
        <PP>15</PP>
        <speedDelegate>
            <type>CORE</type>
            <priority>0</priority>
        </speedDelegate>
        <hitDelegate>
            <type>CORE</type>
            <hit>100</hit>
        </hitDelegate>
        <damageDelegate>
            <type>EFFECT ON DAMAGE</type>
            <power>40</power>
            <physical>0</physical>
            <critDelegate>
                <base>0</base>
            </critDelegate>
        </damageDelegate>
        <effectDelegates>
            <effectDelegate>
                <type>HEAL DAMAGE RATIO</type>
                <ratio>2</ratio>
            </effectDelegate>
        </effectDelegates>
    </attack>
    <attack>
        <name>SOLAR BEAM</name> <!-- Need Damage based on weather -->
        <type>GRASS</type>
        <PP>10</PP>
        <speedDelegate>
            <type>CORE</type>
            <priority>0</priority>
        </speedDelegate>
        <hitDelegate>
            <type>CORE</type>
            <hit>100</hit>
        </hitDelegate>
        <damageDelegate>
            <type>CORE</type>
            <power>120</power>
            <physical>0</physical>
            <critDelegate>
                <base>0</base>
            </critDelegate>
        </damageDelegate>
        <effectDelegates>
            <effectDelegate>
                <type>WEATHER CHARGE</type>
                <turns>2</turns>
                <hitOnTurn>1</hitOnTurn>
                <message> is absorbing sunlight.</message>
                <weather>SUN</weather>
            </effectDelegate>
        </effectDelegates>
    </attack>
    <attack>
        <name>SPORE</name>
        <type>GRASS</type>
        <PP>15</PP>
        <speedDelegate>
            <type>CORE</type>
            <priority>0</priority>
        </speedDelegate>
        <hitDelegate>
            <type>STATUS CORE</type>
            <hit>100</hit>
        </hitDelegate>
        <effectDelegates>
            <effectDelegate>
                <type>STATUS</type>
                <status>SLP</status>
                <affectUser>0</affectUser>
            </effectDelegate>
        </effectDelegates>
    </attack>
    <!-- Ice -->
    <attack>
        <name>HAIL</name>
        <type>ICE</type>
        <PP>10</PP>
        <speedDelegate>
            <type>CORE</type>
            <priority>0</priority>
        </speedDelegate>
        <hitDelegate>
            <type>SELF</type>
        </hitDelegate>
        <effectDelegates>
            <effectDelegate>
                <type>START WEATHER</type>
                <weather>HAIL</weather>
            </effectDelegate>
        </effectDelegates>
    </attack>
    <attack>
        <name>HAZE</name>
        <type>ICE</type>
        <PP>30</PP>
        <speedDelegate>
            <type>CORE</type>
            <priority>0</priority>
        </speedDelegate>
        <hitDelegate>
            <type>SELF</type>
        </hitDelegate>
        <effectDelegates>
            <effectDelegate>
                <type>RESET STAT MODS</type>
            </effectDelegate>
        </effectDelegates>
    </attack>
    <attack>
        <name>ICE BEAM</name>
        <type>ICE</type>
        <PP>10</PP>
        <speedDelegate>
            <type>CORE</type>
            <priority>0</priority>
        </speedDelegate>
        <hitDelegate>
            <type>CORE</type>
            <hit>100</hit>
        </hitDelegate>
        <damageDelegate>
            <type>CORE</type>
            <power>95</power>
            <physical>0</physical>
            <critDelegate>
                <base>0</base>
            </critDelegate>
        </damageDelegate>
        <effectDelegates>
            <effectDelegate>
                <type>CHANCE</type>
                <chance>10</chance>
                <effectDelegates>
                    <effectDelegate>
                        <type>STATUS</type>
                        <status>FRZ</status>
                        <affectUser>0</affectUser>
                    </effectDelegate>
                </effectDelegates>
            </effectDelegate>
        </effectDelegates>
    </attack>
    <attack>
        <name>POWDER SNOW</name>
        <type>ICE</type>
        <PP>25</PP>
        <speedDelegate>
            <type>CORE</type>
            <priority>0</priority>
        </speedDelegate>
        <hitDelegate>
            <type>CORE</type>
            <hit>100</hit>
        </hitDelegate>
        <damageDelegate>
            <type>CORE</type>
            <power>40</power>
            <physical>0</physical>
            <critDelegate>
                <base>0</base>
            </critDelegate>
        </damageDelegate>
        <effectDelegates>
            <effectDelegate>
                <type>CHANCE</type>
                <chance>10</chance>
                <effectDelegates>
                    <effectDelegate>
                        <type>STATUS</type>
                        <status>FRZ</status>
                        <affectUser>0</affectUser>
                    </effectDelegate>
                </effectDelegates>
            </effectDelegate>
        </effectDelegates>
    </attack>
    <attack>
        <name>SHEER COLD</name>
        <type>ICE</type>
        <PP>5</PP>
        <speedDelegate>
            <type>CORE</type>
            <priority>0</priority>
        </speedDelegate>
        <hitDelegate>
            <type>CORE</type>
            <hit>30</hit>
        </hitDelegate>
        <damageDelegate>
            <type>ONE HIT KO</type>
            <physical>0</physical>
        </damageDelegate>
    </attack>
    <!-- Fighting -->
    <attack contact="true">
        <name>HI JUMP KICK</name>
        <type>FIGHTING</type>
        <PP>10</PP>
        <speedDelegate>
            <type>CORE</type>
            <priority>0</priority>
        </speedDelegate>
        <hitDelegate>
            <type>CRASH</type>
            <hit>90</hit>
            <effectDelegate>
                <type>RECOIL</type>
                <ratio>2</ratio>
            </effectDelegate>
        </hitDelegate>
        <damageDelegate>
            <type>CORE</type>
            <power>130</power>
            <physical>1</physical>
            <critDelegate>
                <base>0</base>
            </critDelegate>
        </damageDelegate>
    </attack>
    <attack contact="true">
        <name>STORM THROW</name>
        <type>FIGHTING</type>
        <PP>10</PP>
        <speedDelegate>
            <type>CORE</type>
            <priority>0</priority>
        </speedDelegate>
        <hitDelegate>
            <type>CORE</type>
            <hit>100</hit>
        </hitDelegate>
        <damageDelegate>
            <type>CORE</type>
            <power>40</power>
            <physical>1</physical>
            <critDelegate>
                <base>6</base>
            </critDelegate>
        </damageDelegate>
    </attack>
    <attack contact="true">
        <name>VITAL THROW</name>
        <type>FIGHTING</type>
        <PP>10</PP>
        <speedDelegate>
            <type>CORE</type>
            <priority>-1</priority>
        </speedDelegate>
        <hitDelegate>
            <type>ALWAYS</type>
        </hitDelegate>
        <damageDelegate>
            <type>CORE</type>
            <power>70</power>
            <physical>1</physical>
            <critDelegate>
                <base>0</base>
            </critDelegate>
        </damageDelegate>
    </attack>
    <!-- Poison -->
    <attack>
        <name>GUNK SHOT</name>
        <type>POISON</type>
        <PP>5</PP>
        <speedDelegate>
            <type>CORE</type>
            <priority>0</priority>
        </speedDelegate>
        <hitDelegate>
            <type>CORE</type>
            <hit>70</hit>
        </hitDelegate>
        <damageDelegate>
            <type>CORE</type>
            <power>120</power>
            <physical>1</physical>
            <critDelegate>
                <base>0</base>
            </critDelegate>
        </damageDelegate>
        <effectDelegates>
            <effectDelegate>
                <type>CHANCE</type>
                <chance>30</chance>
                <effectDelegates>
                    <effectDelegate>
                        <type>STATUS</type>
                        <status>PSN</status>
                        <affectUser>0</affectUser>
                    </effectDelegate>
                </effectDelegates>
            </effectDelegate>
        </effectDelegates>
    </attack>
    <attack contact="true">
        <name>POISON JAB</name>
        <type>POISON</type>
        <PP>20</PP>
        <speedDelegate>
            <type>CORE</type>
            <priority>0</priority>
        </speedDelegate>
        <hitDelegate>
            <type>CORE</type>
            <hit>100</hit>
        </hitDelegate>
        <damageDelegate>
            <type>CORE</type>
            <power>80</power>
            <physical>1</physical>
            <critDelegate>
                <base>0</base>
            </critDelegate>
        </damageDelegate>
        <effectDelegates>
            <effectDelegate>
                <type>CHANCE</type>
                <chance>30</chance>
                <effectDelegates>
                    <effectDelegate>
                        <type>STATUS</type>
                        <status>PSN</status>
                        <affectUser>0</affectUser>
                    </effectDelegate>
                </effectDelegates>
            </effectDelegate>
        </effectDelegates>
    </attack>
    <attack>
        <name>POISON SHOT</name>
        <type>POISON</type>
        <PP>35</PP>
        <speedDelegate>
            <type>CORE</type>
            <priority>0</priority>
        </speedDelegate>
        <hitDelegate>
            <type>CORE</type>
            <hit>100</hit>
        </hitDelegate>
        <damageDelegate>
            <type>CORE</type>
            <power>15</power>
            <physical>1</physical>
            <critDelegate>
                <base>0</base>
            </critDelegate>
        </damageDelegate>
        <effectDelegates>
            <effectDelegate>
                <type>CHANCE</type>
                <chance>30</chance>
                <effectDelegates>
                    <effectDelegate>
                        <type>STATUS</type>
                        <status>PSN</status>
                        <affectUser>0</affectUser>
                    </effectDelegate>
                </effectDelegates>
            </effectDelegate>
        </effectDelegates>
    </attack>
    <attack>
        <name>TOXIC</name>
        <type>POISON</type>
        <PP>10</PP>
        <speedDelegate>
            <type>CORE</type>
            <priority>0</priority>
        </speedDelegate>
        <hitDelegate>
            <type>STATUS CORE</type>
            <hit>90</hit>
        </hitDelegate>
        <effectDelegates>
            <effectDelegate>
                <type>STATUS</type>
                <status>BPSN</status>
                <affectUser>0</affectUser>
            </effectDelegate>
        </effectDelegates>
    </attack>
    <!-- Ground -->
    <attack contact="true">
        <name>DIG</name>
        <type>GROUND</type>
        <PP>10</PP>
        <speedDelegate>
            <type>CORE</type>
            <priority>0</priority>
        </speedDelegate>
        <hitDelegate>
            <type>CORE</type>
            <hit>100</hit>
        </hitDelegate>
        <damageDelegate>
            <type>CORE</type>
            <power>80</power>
            <physical>1</physical>
            <critDelegate>
                <base>0</base>
            </critDelegate>
        </damageDelegate>
        <effectDelegates>
            <effectDelegate>
                <type>DODGE</type>
                <dodgeType>DIG</dodgeType>
                <message> burrowed underground.</message>
            </effectDelegate>
        </effectDelegates>
    </attack>
    <attack>
        <name>EARTHQUAKE</name>
        <type>GROUND</type>
        <PP>10</PP>
        <speedDelegate>
            <type>CORE</type>
            <priority>0</priority>
        </speedDelegate>
        <hitDelegate>
            <type>PIERCE DODGE</type>
            <hit>100</hit>
            <pierce>DIG</pierce>
        </hitDelegate>
        <damageDelegate>
            <type>PIERCE DODGE 2X</type>
            <power>100</power>
            <physical>1</physical>
            <pierce>DIG</pierce>
            <critDelegate>
                <base>0</base>
            </critDelegate>
        </damageDelegate>
    </attack>
    <attack>
        <name>EARTH POWER</name>
        <type>GROUND</type>
        <PP>10</PP>
        <speedDelegate>
            <type>CORE</type>
            <priority>0</priority>
        </speedDelegate>
        <hitDelegate>
            <type>CORE</type>
            <hit>100</hit>
        </hitDelegate>
        <damageDelegate>
            <type>CORE</type>
            <power>90</power>
            <physical>0</physical>
            <critDelegate>
                <base>0</base>
            </critDelegate>
        </damageDelegate>
        <effectDelegates>
            <effectDelegate>
                <type>CHANCE</type>
                <chance>10</chance>
                <effectDelegates>
                    <effectDelegate>
                        <type>STAT MOD</type>
                        <stat>SDEF</stat>
                        <degree>-1</degree>
                        <affectUser>0</affectUser>
                    </effectDelegate>
                </effectDelegates>
            </effectDelegate>
        </effectDelegates>
    </attack>
    <attack>
        <name>SAND-ATTACK</name>
        <type>GROUND</type>
        <PP>15</PP>
        <speedDelegate>
            <type>CORE</type>
            <priority>0</priority>
        </speedDelegate>
        <hitDelegate>
            <type>STATUS CORE</type>
            <hit>100</hit>
        </hitDelegate>
        <effectDelegates>
            <effectDelegate>
                <type>STAT MOD</type>
                <stat>ACC</stat>
                <degree>-1</degree>
                <affectUser>0</affectUser>
            </effectDelegate>
        </effectDelegates>
    </attack>
    <!-- Flying -->
    <attack contact="true">
        <name>AERIAL ACE</name>
        <type>FLYING</type>
        <PP>20</PP>
        <speedDelegate>
            <type>CORE</type>
            <priority>0</priority>
        </speedDelegate>
        <hitDelegate>
            <type>ALWAYS</type>
        </hitDelegate>
        <damageDelegate>
            <type>CORE</type>
            <power>60</power>
            <physical>1</physical>
            <critDelegate>
                <base>0</base>
            </critDelegate>
        </damageDelegate>
    </attack>
    <attack>
        <name>AIR SLASH</name>
        <type>FLYING</type>
        <PP>20</PP>
        <speedDelegate>
            <type>CORE</type>
            <priority>0</priority>
        </speedDelegate>
        <hitDelegate>
            <type>CORE</type>
            <hit>95</hit>
        </hitDelegate>
        <damageDelegate>
            <type>CORE</type>
            <power>75</power>
            <physical>0</physical>
            <critDelegate>
                <base>0</base>
            </critDelegate>
        </damageDelegate>
        <effectDelegates>
            <effectDelegate>
                <type>CHANCE</type>
                <chance>30</chance>
                <effectDelegates>
                    <effectDelegate>
                        <type>FLINCH</type>
                    </effectDelegate>
                </effectDelegates>
            </effectDelegate>
        </effectDelegates>
    </attack>
    <attack contact="true">
        <name>BOUNCE</name>
        <type>FLYING</type>
        <PP>5</PP>
        <speedDelegate>
            <type>CORE</type>
            <priority>0</priority>
        </speedDelegate>
        <hitDelegate>
            <type>CORE</type>
            <hit>85</hit>
        </hitDelegate>
        <damageDelegate>
            <type>CORE</type>
            <power>85</power>
            <physical>1</physical>
            <critDelegate>
                <base>0</base>
            </critDelegate>
        </damageDelegate>
        <effectDelegates>
            <effectDelegate>
                <type>DODGE</type>
                <dodgeType>FLY</dodgeType>
                <message> bounced into the air.</message>
            </effectDelegate>
            <effectDelegate>
                <type>CHANCE</type>
                <chance>30</chance>
                <effectDelegates>
                    <effectDelegate>
                        <type>STATUS</type>
                        <status>PAR</status>
                        <affectUser>0</affectUser>
                    </effectDelegate>
                </effectDelegates>
            </effectDelegate>
        </effectDelegates>
    </attack>
    <attack contact="true">
        <name>FLY</name>
        <type>FLYING</type>
        <PP>15</PP>
        <speedDelegate>
            <type>CORE</type>
            <priority>0</priority>
        </speedDelegate>
        <hitDelegate>
            <type>CORE</type>
            <hit>95</hit>
        </hitDelegate>
        <damageDelegate>
            <type>CORE</type>
            <power>90</power>
            <physical>1</physical>
            <critDelegate>
                <base>0</base>
            </critDelegate>
        </damageDelegate>
        <effectDelegates>
            <effectDelegate>
                <type>DODGE</type>
                <dodgeType>FLY</dodgeType>
                <message> flew up into the sky.</message>
            </effectDelegate>
        </effectDelegates>
    </attack>
    <attack>
        <name>GUST</name>
        <type>FLYING</type>
        <PP>35</PP>
        <speedDelegate>
            <type>CORE</type>
            <priority>0</priority>
        </speedDelegate>
        <hitDelegate>
            <type>PIERCE DODGE</type>
            <hit>100</hit>
            <pierce>FLY</pierce>
        </hitDelegate>
        <damageDelegate>
            <type>CORE</type>
            <power>40</power>
            <physical>0</physical>
            <critDelegate>
                <base>0</base>
            </critDelegate>
        </damageDelegate>
    </attack>
    <attack contact="true">
        <name>PECK</name>
        <type>FLYING</type>
        <PP>35</PP>
        <speedDelegate>
            <type>CORE</type>
            <priority>0</priority>
        </speedDelegate>
        <hitDelegate>
            <type>CORE</type>
            <hit>100</hit>
        </hitDelegate>
        <damageDelegate>
            <type>CORE</type>
            <power>35</power>
            <physical>1</physical>
            <critDelegate>
                <base>0</base>
            </critDelegate>
        </damageDelegate>
    </attack>
    <attack>
        <name>WHIRLWIND</name>
        <type>FLYING</type>
        <PP>20</PP>
        <speedDelegate>
            <type>CORE</type>
            <priority>-6</priority>
        </speedDelegate>
        <hitDelegate>
            <type>CORE</type>
            <hit>100</hit>
        </hitDelegate>
        <effectDelegates>
            <effectDelegate>
                <type>RANDOM SWITCH</type>
                <affectUser>0</affectUser>
                <reset>1</reset>
            </effectDelegate>
        </effectDelegates>
    </attack>
    <!-- Psychic -->
    <attack>
        <name>HEART SWAP</name>
        <type>PSYCHIC</type>
        <PP>10</PP>
        <speedDelegate>
            <type>CORE</type>
            <priority>0</priority>
        </speedDelegate>
        <hitDelegate>
            <type>STATUS ALWAYS</type>
        </hitDelegate>
        <effectDelegates>
            <effectDelegate>
                <type>SWAP STAT MODS</type>
            </effectDelegate>
        </effectDelegates>
    </attack>
    <attack>
        <name>POWER TRICK</name>
        <type>PSYCHIC</type>
        <PP>10</PP>
        <speedDelegate>
            <type>CORE</type>
            <priority>0</priority>
        </speedDelegate>
        <hitDelegate>
            <type>SELF</type>
        </hitDelegate>
        <effectDelegates>
            <effectDelegate>
                <type>SWAP STATS</type>
                <stat1>ATK</stat1>
                <stat2>DEF</stat2>
            </effectDelegate>
        </effectDelegates>
    </attack>
    <attack>
        <name>PSYCHIC</name>
        <type>PSYCHIC</type>
        <PP>10</PP>
        <speedDelegate>
            <type>CORE</type>
            <priority>0</priority>
        </speedDelegate>
        <hitDelegate>
            <type>CORE</type>
            <hit>100</hit>
        </hitDelegate>
        <damageDelegate>
            <type>CORE</type>
            <power>90</power>
            <physical>0</physical>
            <critDelegate>
                <base>0</base>
            </critDelegate>
        </damageDelegate>
        <effectDelegates>
            <effectDelegate>
                <type>STAT MOD</type>
                <stat>SDEF</stat>
                <degree>-1</degree>
                <affectUser>0</affectUser>
            </effectDelegate>
        </effectDelegates>
    </attack>
    <attack>
        <name>SKILL SWAP</name>
        <type>PSYCHIC</type>
        <PP>10</PP>
        <speedDelegate>
            <type>CORE</type>
            <priority>0</priority>
        </speedDelegate>
        <hitDelegate>
            <type>STATUS ALWAYS</type>
        </hitDelegate>
        <effectDelegates>
            <effectDelegate>
                <type>SWAP ABILITY</type>
            </effectDelegate>
        </effectDelegates>
    </attack>
    <!-- Bug -->
    <attack>
        <name>BUG BUZZ</name>
        <type>BUG</type>
        <PP>10</PP>
        <speedDelegate>
            <type>CORE</type>
            <priority>0</priority>
        </speedDelegate>
        <hitDelegate>
            <type>CORE</type>
            <hit>100</hit>
        </hitDelegate>
        <damageDelegate>
            <type>CORE</type>
            <power>90</power>
            <physical>0</physical>
            <critDelegate>
                <base>0</base>
            </critDelegate>
        </damageDelegate>
        <effectDelegates>
            <effectDelegate>
                <type>STAT MOD</type>
                <stat>SDEF</stat>
                <degree>-1</degree>
                <affectUser>0</affectUser>
            </effectDelegate>
        </effectDelegates>
    </attack>
    <attack contact="true">
        <name>MEGAHORN</name>
        <type>BUG</type>
        <PP>10</PP>
        <speedDelegate>
            <type>CORE</type>
            <priority>0</priority>
        </speedDelegate>
        <hitDelegate>
            <type>CORE</type>
            <hit>85</hit>
        </hitDelegate>
        <damageDelegate>
            <type>CORE</type>
            <power>120</power>
            <physical>1</physical>
            <critDelegate>
                <base>0</base>
            </critDelegate>
        </damageDelegate>
    </attack>
    <attack>
        <name>SILVER WIND</name>
        <type>BUG</type>
        <PP>5</PP>
        <speedDelegate>
            <type>CORE</type>
            <priority>0</priority>
        </speedDelegate>
        <hitDelegate>
            <type>CORE</type>
            <hit>100</hit>
        </hitDelegate>
        <damageDelegate>
            <type>CORE</type>
            <power>60</power>
            <physical>0</physical>
            <critDelegate>
                <base>0</base>
            </critDelegate>
        </damageDelegate>
        <effectDelegates>
            <effectDelegate>
                <type>CHANCE</type>
                <chance>10</chance>
                <effectDelegates>
                    <effectDelegate>
                        <type>STAT MOD</type>
                        <stat>ATK</stat>
                        <degree>1</degree>
                        <affectUser>1</affectUser>
                    </effectDelegate>
                    <effectDelegate>
                        <type>STAT MOD</type>
                        <stat>DEF</stat>
                        <degree>1</degree>
                        <affectUser>1</affectUser>
                    </effectDelegate>
                    <effectDelegate>
                        <type>STAT MOD</type>
                        <stat>SPD</stat>
                        <degree>1</degree>
                        <affectUser>1</affectUser>
                    </effectDelegate>
                    <effectDelegate>
                        <type>STAT MOD</type>
                        <stat>SATK</stat>
                        <degree>1</degree>
                        <affectUser>1</affectUser>
                    </effectDelegate>
                    <effectDelegate>
                        <type>STAT MOD</type>
                        <stat>SDEF</stat>
                        <degree>1</degree>
                        <affectUser>1</affectUser>
                    </effectDelegate>
                </effectDelegates>
            </effectDelegate>
        </effectDelegates>
    </attack>
    <attack>
        <name>STRING SHOT</name>
        <type>BUG</type>
        <PP>40</PP>
        <speedDelegate>
            <type>CORE</type>
            <priority>0</priority>
        </speedDelegate>
        <hitDelegate>
            <type>STATUS CORE</type>
            <hit>95</hit>
        </hitDelegate>
        <effectDelegates>
            <effectDelegate>
                <type>STAT MOD</type>
                <stat>SPD</stat>
                <degree>-1</degree>
                <affectUser>0</affectUser>
            </effectDelegate>
        </effectDelegates>
    </attack>
    <attack contact="true">
        <name>U-TURN</name>
        <type>BUG</type>
        <PP>20</PP>
        <speedDelegate>
            <type>CORE</type>
            <priority>0</priority>
        </speedDelegate>
        <hitDelegate>
            <type>CORE</type>
            <hit>100</hit>
        </hitDelegate>
        <damageDelegate>
            <type>CORE</type>
            <power>70</power>
            <physical>1</physical>
            <critDelegate>
                <base>0</base>
            </critDelegate>
        </damageDelegate>
        <effectDelegates>
            <effectDelegate>
                <type>SWITCH</type>
                <affectUser>1</affectUser>
                <reset>1</reset>
            </effectDelegate>
        </effectDelegates>
    </attack>
    <!-- Rock -->
    <attack>
        <name>ANCIENTPOWER</name>
        <type>ROCK</type>
        <PP>5</PP>
        <speedDelegate>
            <type>CORE</type>
            <priority>0</priority>
        </speedDelegate>
        <hitDelegate>
            <type>CORE</type>
            <hit>100</hit>
        </hitDelegate>
        <damageDelegate>
            <type>CORE</type>
            <power>60</power>
            <physical>0</physical>
            <critDelegate>
                <base>0</base>
            </critDelegate>
        </damageDelegate>
        <effectDelegates>
            <effectDelegate>
                <type>CHANCE</type>
                <chance>10</chance>
                <effectDelegates>
                    <effectDelegate>
                        <type>STAT MOD</type>
                        <stat>ATK</stat>
                        <degree>1</degree>
                        <affectUser>1</affectUser>
                    </effectDelegate>
                    <effectDelegate>
                        <type>STAT MOD</type>
                        <stat>DEF</stat>
                        <degree>1</degree>
                        <affectUser>1</affectUser>
                    </effectDelegate>
                    <effectDelegate>
                        <type>STAT MOD</type>
                        <stat>SPD</stat>
                        <degree>1</degree>
                        <affectUser>1</affectUser>
                    </effectDelegate>
                    <effectDelegate>
                        <type>STAT MOD</type>
                        <stat>SATK</stat>
                        <degree>1</degree>
                        <affectUser>1</affectUser>
                    </effectDelegate>
                    <effectDelegate>
                        <type>STAT MOD</type>
                        <stat>SDEF</stat>
                        <degree>1</degree>
                        <affectUser>1</affectUser>
                    </effectDelegate>
                </effectDelegates>
            </effectDelegate>
        </effectDelegates>
    </attack>
    <attack contact="true">
        <name>HEAD SMASH</name>
        <type>ROCK</type>
        <PP>5</PP>
        <speedDelegate>
            <type>CORE</type>
            <priority>0</priority>
        </speedDelegate>
        <hitDelegate>
            <type>CORE</type>
            <hit>80</hit>
        </hitDelegate>
        <damageDelegate>
            <type>EFFECT ON DAMAGE</type>
            <power>150</power>
            <physical>1</physical>
            <critDelegate>
                <base>0</base>
            </critDelegate>
        </damageDelegate>
        <effectDelegates>
            <effectDelegate>
                <type>RECOIL</type>
                <ratio>2</ratio>
            </effectDelegate>
        </effectDelegates>
    </attack>
    <attack contact="true">
        <name>ROLLOUT</name>
        <type>ROCK</type>
        <PP>20</PP>
        <speedDelegate>
            <type>CORE</type>
            <priority>0</priority>
        </speedDelegate>
        <hitDelegate>
            <type>CORE</type>
            <hit>90</hit>
        </hitDelegate>
        <damageDelegate>
            <type>SCALE</type>
            <power>30</power>
            <physical>1</physical>
            <factor>2</factor>
            <turns>5</turns>
            <critDelegate>
                <base>0</base>
            </critDelegate>
        </damageDelegate>
        <effectDelegates>
            <effectDelegate>
                <type>DAMAGE IS EFFECT</type>
            </effectDelegate>
        </effectDelegates>
    </attack>
    <!-- Ghost -->
    <attack>
        <name>CONFUSE RAY</name>
        <type>GHOST</type>
        <PP>10</PP>
        <speedDelegate>
            <type>CORE</type>
            <priority>0</priority>
        </speedDelegate>
        <hitDelegate>
            <type>STATUS CORE</type>
            <hit>100</hit>
        </hitDelegate>
        <effectDelegates>
            <effectDelegate>
                <type>CONFUSE</type>
                <affectUser>0</affectUser>
            </effectDelegate>
        </effectDelegates>
    </attack>
    <attack>
        <name>HEX</name>
        <type>GHOST</type>
        <PP>10</PP>
        <speedDelegate>
            <type>CORE</type>
            <priority>0</priority>
        </speedDelegate>
        <hitDelegate>
            <type>CORE</type>
            <hit>100</hit>
        </hitDelegate>
        <damageDelegate>
            <type>BOOST ON STATUS</type>
            <power>50</power>
            <physical>0</physical>
            <critDelegate>
                <base>0</base>
            </critDelegate>
        </damageDelegate>
    </attack>
    <attack>
        <name>NIGHT SHADE</name>
        <type>GHOST</type>
        <PP>15</PP>
        <speedDelegate>
            <type>CORE</type>
            <priority>0</priority>
        </speedDelegate>
        <hitDelegate>
            <type>CORE</type>
            <hit>100</hit>
        </hitDelegate>
        <damageDelegate>
            <type>LEVEL</type>
            <physical>0</physical>
            <critDelegate>
                <base>0</base>
            </critDelegate>
        </damageDelegate>
    </attack>
    <attack>
        <name>OMINOUS WIND</name>
        <type>GHOST</type>
        <PP>5</PP>
        <speedDelegate>
            <type>CORE</type>
            <priority>0</priority>
        </speedDelegate>
        <hitDelegate>
            <type>CORE</type>
            <hit>100</hit>
        </hitDelegate>
        <damageDelegate>
            <type>CORE</type>
            <power>60</power>
            <physical>0</physical>
            <critDelegate>
                <base>0</base>
            </critDelegate>
        </damageDelegate>
        <effectDelegates>
            <effectDelegate>
                <type>CHANCE</type>
                <chance>10</chance>
                <effectDelegates>
                    <effectDelegate>
                        <type>STAT MOD</type>
                        <stat>ATK</stat>
                        <degree>1</degree>
                        <affectUser>1</affectUser>
                    </effectDelegate>
                    <effectDelegate>
                        <type>STAT MOD</type>
                        <stat>DEF</stat>
                        <degree>1</degree>
                        <affectUser>1</affectUser>
                    </effectDelegate>
                    <effectDelegate>
                        <type>STAT MOD</type>
                        <stat>SPD</stat>
                        <degree>1</degree>
                        <affectUser>1</affectUser>
                    </effectDelegate>
                    <effectDelegate>
                        <type>STAT MOD</type>
                        <stat>SATK</stat>
                        <degree>1</degree>
                        <affectUser>1</affectUser>
                    </effectDelegate>
                    <effectDelegate>
                        <type>STAT MOD</type>
                        <stat>SDEF</stat>
                        <degree>1</degree>
                        <affectUser>1</affectUser>
                    </effectDelegate>
                </effectDelegates>
            </effectDelegate>
        </effectDelegates>
    </attack>
    <!-- Dragon -->
    <attack>
        <name>DRACO METEOR</name>
        <type>DRAGON</type>
        <PP>5</PP>
        <speedDelegate>
            <type>CORE</type>
            <priority>0</priority>
        </speedDelegate>
        <hitDelegate>
            <type>CORE</type>
            <hit>90</hit>
        </hitDelegate>
        <damageDelegate>
            <type>CORE</type>
            <physical>0</physical>
            <power>140</power>
            <critDelegate>
                <base>0</base>
            </critDelegate>
        </damageDelegate>
        <effectDelegates>
            <effectDelegate>
                <type>STAT MOD</type>
                <stat>SATK</stat>
                <degree>-2</degree>
                <affectUser>1</affectUser>
            </effectDelegate>
        </effectDelegates>
    </attack>
    <attack contact="true">
        <name>DRAGON CLAW</name>
        <type>DRAGON</type>
        <PP>15</PP>
        <speedDelegate>
            <type>CORE</type>
            <priority>0</priority>
        </speedDelegate>
        <hitDelegate>
            <type>CORE</type>
            <hit>100</hit>
        </hitDelegate>
        <damageDelegate>
            <type>CORE</type>
            <physical>1</physical>
            <power>80</power>
            <critDelegate>
                <base>0</base>
            </critDelegate>
        </damageDelegate>
    </attack>
    <attack>
        <name>DRAGON PULSE</name>
        <type>DRAGON</type>
        <PP>10</PP>
        <speedDelegate>
            <type>CORE</type>
            <priority>0</priority>
        </speedDelegate>
        <hitDelegate>
            <type>CORE</type>
            <hit>100</hit>
        </hitDelegate>
        <damageDelegate>
            <type>CORE</type>
            <physical>0</physical>
            <power>90</power>
            <critDelegate>
                <base>0</base>
            </critDelegate>
        </damageDelegate>
    </attack>
    <attack>
        <name>DRAGON RAGE</name>
        <type>DRAGON</type>
        <PP>10</PP>
        <speedDelegate>
            <type>CORE</type>
            <priority>0</priority>
        </speedDelegate>
        <hitDelegate>
            <type>CORE</type>
            <hit>100</hit>
        </hitDelegate>
        <damageDelegate>
            <type>FIXED</type>
            <physical>0</physical>
            <damage>40</damage>
            <critDelegate>
                <base>0</base>
            </critDelegate>
        </damageDelegate>
    </attack>
    <attack contact="true">
        <name>DRAGON TAIL</name>
        <type>DRAGON</type>
        <PP>10</PP>
        <speedDelegate>
            <type>CORE</type>
            <priority>0</priority>
        </speedDelegate>
        <hitDelegate>
            <type>CORE</type>
            <hit>90</hit>
        </hitDelegate>
        <damageDelegate>
            <type>CORE</type>
            <physical>1</physical>
            <power>60</power>
            <critDelegate>
                <base>0</base>
            </critDelegate>
        </damageDelegate>
        <effectDelegates>
            <effectDelegate>
                <type>RANDOM SWITCH</type>
                <affectUser>0</affectUser>
                <reset>1</reset>
            </effectDelegate>
        </effectDelegates>
    </attack>
    <attack contact="true">
        <name>OUTRAGE</name>
        <type>DRAGON</type>
        <PP>10</PP>
        <speedDelegate>
            <type>CORE</type>
            <priority>0</priority>
        </speedDelegate>
        <hitDelegate>
            <type>CORE</type>
            <hit>100</hit>
        </hitDelegate>
        <damageDelegate>
            <type>CORE</type>
            <physical>1</physical>
            <power>120</power>
            <critDelegate>
                <base>0</base>
            </critDelegate>
        </damageDelegate>
        <effectDelegates>
            <effectDelegate>
                <type>MULTI TURN RANGE</type>
                <min>2</min>
                <max>3</max>
                 <effectDelegates>
                    <effectDelegate>
                        <type>CONFUSE</type>
                        <affectUser>1</affectUser>
                    </effectDelegate>
                </effectDelegates>
            </effectDelegate>
        </effectDelegates>
    </attack>
    <!-- Dark -->
    <attack contact="true">
        <name>BITE</name>
        <type>DARK</type>
        <PP>25</PP>
        <speedDelegate>
            <type>CORE</type>
            <priority>0</priority>
        </speedDelegate>
        <hitDelegate>
            <type>CORE</type>
            <hit>100</hit>
        </hitDelegate>
        <damageDelegate>
            <type>CORE</type>
            <power>60</power>
            <physical>1</physical>
            <critDelegate>
                <base>0</base>
            </critDelegate>
        </damageDelegate>
        <effectDelegates>
            <effectDelegate>
                <type>CHANCE</type>
                <chance>30</chance>
                <effectDelegates>
                    <effectDelegate>
                        <type>FLINCH</type>
                    </effectDelegate>
                </effectDelegates>
            </effectDelegate>
        </effectDelegates>
    </attack>
    <attack contact="true">
        <name>CRUNCH</name>
        <type>DARK</type>
        <PP>15</PP>
        <speedDelegate>
            <type>CORE</type>
            <priority>0</priority>
        </speedDelegate>
        <hitDelegate>
            <type>CORE</type>
            <hit>100</hit>
        </hitDelegate>
        <damageDelegate>
            <type>CORE</type>
            <power>80</power>
            <physical>1</physical>
            <critDelegate>
                <base>0</base>
            </critDelegate>
        </damageDelegate>
        <effectDelegates>
            <effectDelegate>
                <type>CHANCE</type>
                <chance>20</chance>
                <effectDelegates>
                    <effectDelegate>
                        <type>STAT MOD</type>
                        <stat>DEF</stat>
                        <degree>-1</degree>
                        <affectUser>0</affectUser>
                    </effectDelegate>
                </effectDelegates>
            </effectDelegate>
        </effectDelegates>
    </attack>
    <attack contact="true">
        <name>DEVASTATE</name>
        <type>DARK</type>
        <PP>5</PP>
        <speedDelegate>
            <type>CORE</type>
            <priority>0</priority>
        </speedDelegate>
        <hitDelegate>
            <type>CORE</type>
            <hit>80</hit>
        </hitDelegate>
        <damageDelegate>
            <type>CORE</type>
            <power>200</power>
            <physical>1</physical>
            <critDelegate>
                <base>0</base>
            </critDelegate>
        </damageDelegate>
        <effectDelegates>
            <effectDelegate>
                <type>CHARGE</type>
                <turns>2</turns>
                <hitOnTurn>0</hitOnTurn>
                <message> is recharging.</message>
            </effectDelegate>
            <effectDelegate>
                <type>DIVERGE ON FAINT</type>
                <divergeEffects>
                    <effectDelegate>
                        <type>STAT MOD</type>
                        <stat>ATK</stat>
                        <degree>-12</degree>
                        <affectUser>1</affectUser>
                    </effectDelegate>
                    <effectDelegate>
                        <type>STAT MOD</type>
                        <stat>DEF</stat>
                        <degree>-12</degree>
                        <affectUser>1</affectUser>
                    </effectDelegate>
                    <effectDelegate>
                        <type>STAT MOD</type>
                        <stat>SPD</stat>
                        <degree>-12</degree>
                        <affectUser>1</affectUser>
                    </effectDelegate>
                    <effectDelegate>
                        <type>STAT MOD</type>
                        <stat>SATK</stat>
                        <degree>-12</degree>
                        <affectUser>1</affectUser>
                    </effectDelegate>
                    <effectDelegate>
                        <type>STAT MOD</type>
                        <stat>SDEF</stat>
                        <degree>-12</degree>
                        <affectUser>1</affectUser>
                    </effectDelegate>
                </divergeEffects>
                <normalEffects>
                    <effectDelegate>
                        <type>STAT MOD</type>
                        <stat>ATK</stat>
                        <degree>-2</degree>
                        <affectUser>0</affectUser>
                    </effectDelegate>
                    <effectDelegate>
                        <type>STAT MOD</type>
                        <stat>DEF</stat>
                        <degree>-2</degree>
                        <affectUser>0</affectUser>
                    </effectDelegate>
                    <effectDelegate>
                        <type>STAT MOD</type>
                        <stat>SPD</stat>
                        <degree>-2</degree>
                        <affectUser>0</affectUser>
                    </effectDelegate>
                    <effectDelegate>
                        <type>STAT MOD</type>
                        <stat>SATK</stat>
                        <degree>-2</degree>
                        <affectUser>0</affectUser>
                    </effectDelegate>
                    <effectDelegate>
                        <type>STAT MOD</type>
                        <stat>SDEF</stat>
                        <degree>-2</degree>
                        <affectUser>0</affectUser>
                    </effectDelegate>
                </normalEffects>
            </effectDelegate>
        </effectDelegates>
    </attack>
    <attack>
        <name>HONE CLAWS</name>
        <type>DARK</type>
        <PP>15</PP>
        <speedDelegate>
            <type>CORE</type>
            <priority>0</priority>
        </speedDelegate>
        <hitDelegate>
            <type>SELF</type>
        </hitDelegate>
        <effectDelegates>
            <effectDelegate>
                <type>STAT MOD</type>
                <stat>ATK</stat>
                <degree>1</degree>
                <affectUser>1</affectUser>
            </effectDelegate>
            <effectDelegate>
                <type>STAT MOD</type>
                <stat>ACC</stat>
                <degree>1</degree>
                <affectUser>1</affectUser>
            </effectDelegate>
        </effectDelegates>
    </attack>
    <attack contact="true">
        <name>NIGHT SLASH</name>
        <type>DARK</type>
        <PP>15</PP>
        <speedDelegate>
            <type>CORE</type>
            <priority>0</priority>
        </speedDelegate>
        <hitDelegate>
            <type>CORE</type>
            <hit>100</hit>
        </hitDelegate>
        <damageDelegate>
            <type>CORE</type>
            <power>70</power>
            <physical>1</physical>
            <critDelegate>
                <base>1</base>
            </critDelegate>
        </damageDelegate>
    </attack>
    <attack>
        <name>SNARL</name>
        <type>DARK</type>
        <PP>15</PP>
        <speedDelegate>
            <type>CORE</type>
            <priority>0</priority>
        </speedDelegate>
        <hitDelegate>
            <type>CORE</type>
            <hit>95</hit>
        </hitDelegate>
        <damageDelegate>
            <type>CORE</type>
            <power>55</power>
            <physical>0</physical>
            <critDelegate>
                <base>0</base>
            </critDelegate>
        </damageDelegate>
        <effectDelegates>
            <effectDelegate>
                <type>STAT MOD</type>
                <stat>SATK</stat>
                <degree>-1</degree>
                <affectUser>0</affectUser>
            </effectDelegate>
        </effectDelegates>
    </attack>
    <!-- Steel -->
    <attack contact="true">
        <name>GYRO BALL</name>
        <type>STEEL</type>
        <PP>5</PP>
        <speedDelegate>
            <type>CORE</type>
            <priority>0</priority>
        </speedDelegate>
        <hitDelegate>
            <type>CORE</type>
            <hit>100</hit>
        </hitDelegate>
        <damageDelegate>
            <type>STAT RATIO RANGE</type>
            <physical>1</physical>
            <stat>SPD</stat>
            <critDelegate>
                <base>0</base>
            </critDelegate>
        </damageDelegate>
    </attack>
    <attack contact="true">
        <name>IRON TAIL</name>
        <type>STEEL</type>
        <PP>15</PP>
        <speedDelegate>
            <type>CORE</type>
            <priority>0</priority>
        </speedDelegate>
        <hitDelegate>
            <type>CORE</type>
            <hit>75</hit>
        </hitDelegate>
        <damageDelegate>
            <type>CORE</type>
            <power>100</power>
            <physical>1</physical>
            <critDelegate>
                <base>0</base>
            </critDelegate>
        </damageDelegate>
        <effectDelegates>
            <effectDelegate>
                <type>STAT MOD</type>
                <stat>DEF</stat>
                <degree>-1</degree>
                <affectUser>0</affectUser>
            </effectDelegate>
        </effectDelegates>
    </attack>
</attacks>