<?xml version="1.0" ?>
<trainers>
	<trainer>
		<name>Chris</name>
		<title>Pkmn Trainer</title>
		<playable/>
		<belt>
			<pokemon>
				<name>Mr Slice</name>
				<species>SNEASEL</species>
				<level>1</level>
				<currHP>60</currHP>
				<experience>0</experience>
				<ability>ROCK HEAD</ability>
				<attacks>
					<attack>
						<name>QUICK ATTACK</name>
						<currPP>15</currPP>
						<PP>15</PP>
					</attack>
					<attack>
						<name>TAKE DOWN</name>
						<currPP>35</currPP>
						<PP>35</PP>
					</attack>
					<attack>
						<name>EARTHQUAKE</name>
						<currPP>35</currPP>
						<PP>35</PP>
					</attack>
                    <attack>
						<name>GROWL</name>
						<currPP>35</currPP>
						<PP>35</PP>
					</attack>
				</attacks>
			</pokemon>
			<pokemon>
				<name>CBOBJOE</name>
				<species>CHARMANDER</species>
				<level>20</level>
				<currHP>45</currHP>
				<experience>0</experience>
				<ability>COMPOUNDEYES</ability>
				<attacks>
					<attack>
						<name>ROLLOUT</name>
						<currPP>15</currPP>
						<PP>15</PP>
					</attack>
					<attack>
						<name>EMBER</name>
						<currPP>35</currPP>
						<PP>35</PP>
					</attack>
					<attack>
						<name>WHIRLWIND</name>
						<currPP>30</currPP>
						<PP>30</PP>
					</attack>
					<attack>
						<name>WILL-O-WISP</name>
						<currPP>35</currPP>
						<PP>35</PP>
					</attack>
				</attacks>
			</pokemon>
			<pokemon>
				<name>BULBASAUR</name>
				<species>BULBASAUR</species>
				<level>20</level>
				<currHP>48</currHP>
				<experience>0</experience>
				<ability>COMPOUNDEYES</ability>
				<attacks>
					<attack>
						<name>ROLLOUT</name>
						<currPP>15</currPP>
						<PP>15</PP>
					</attack>
					<attack>
						<name>EMBER</name>
						<currPP>35</currPP>
						<PP>35</PP>
					</attack>
					<attack>
						<name>WHIRLWIND</name>
						<currPP>30</currPP>
						<PP>30</PP>
					</attack>
					<attack>
						<name>WILL-O-WISP</name>
						<currPP>35</currPP>
						<PP>35</PP>
					</attack>
				</attacks>
			</pokemon>
		</belt>
	</trainer>
	<trainer>
		<name>Eric</name>
		<title>Badass</title>
		<playable/>
		<belt>
			<pokemon>
				<name>Geodude</name>
				<species>GEODUDE</species>
				<level>20</level>
				<currHP>47</currHP>
				<experience>0</experience>
				<ability>LEVITATE</ability>
				<attacks>
					<attack>
						<name>EARTHQUAKE</name>
						<currPP>35</currPP>
						<PP>35</PP>
					</attack>
					<attack>
						<name>SCRATCH</name>
						<currPP>35</currPP>
						<PP>35</PP>
					</attack>
				</attacks>
			</pokemon>
			<pokemon>
				<name>Squirtle</name>
				<species>SQUIRTLE</species>
				<level>20</level>
				<currHP>47</currHP>
				<experience>0</experience>
				<ability>LEVITATE</ability>
				<attacks>
					<attack>
						<name>EARTHQUAKE</name>
						<currPP>35</currPP>
						<PP>35</PP>
					</attack>
					<attack>
						<name>SCRATCH</name>
						<currPP>35</currPP>
						<PP>35</PP>
					</attack>
				</attacks>
				<display>squirtle_sunglasses</display>
			</pokemon>
			<pokemon>
				<name>Bulbasaur</name>
				<species>BULBASAUR</species>
				<level>20</level>
				<currHP>48</currHP>
				<experience>0</experience>
				<ability>SHED SKIN</ability>
				<attacks>
					<attack>
						<name>TACKLE</name>
						<currPP>35</currPP>
						<PP>35</PP>
					</attack>
					<attack>
						<name>GROWL</name>
						<currPP>35</currPP>
						<PP>35</PP>
					</attack>
				</attacks>
			</pokemon>
			<pokemon>
				<name>Bulbasaur</name>
				<species>BULBASAUR</species>
				<level>20</level>
				<currHP>48</currHP>
				<experience>0</experience>
				<ability>SHED SKIN</ability>
				<attacks>
					<attack>
						<name>TACKLE</name>
						<currPP>35</currPP>
						<PP>35</PP>
					</attack>
					<attack>
						<name>GROWL</name>
						<currPP>35</currPP>
						<PP>35</PP>
					</attack>
				</attacks>
			</pokemon>
		</belt>
	</trainer>
	<trainer>
		<name>Chris</name>
		<title>Leader</title>
		<belt>
			<pokemon>
				<name>SNEASEL</name>
				<species>SNEASEL</species>
				<level>20</level>
				<currHP>60</currHP>
				<experience>0</experience>
				<ability>COMPOUNDEYES</ability>
				<attacks>
					<attack>
						<name>DEVASTATE</name>
						<currPP>15</currPP>
						<PP>15</PP>
					</attack>
				</attacks>
			</pokemon>
			<pokemon>
				<name>ELECTRODE</name>
				<species>ELECTRODE</species>
				<level>20</level>
				<currHP>60</currHP>
				<experience>0</experience>
				<ability>AFTERMATH</ability>
				<attacks>
					<attack>
						<name>DEVASTATE</name>
						<currPP>15</currPP>
						<PP>15</PP>
					</attack>
				</attacks>
			</pokemon>
			<pokemon>
				<name>SHARPEDO</name>
				<species>SHARPEDO</species>
				<level>20</level>
				<currHP>60</currHP>
				<experience>0</experience>
				<ability>SPEED BOOST</ability>
				<attacks>
					<attack>
						<name>DEVASTATE</name>
						<currPP>15</currPP>
						<PP>15</PP>
					</attack>
				</attacks>
			</pokemon>
			<pokemon>
				<name>HYDREIGON</name>
				<species>HYDREIGON</species>
				<level>20</level>
				<currHP>60</currHP>
				<experience>0</experience>
				<ability>LEVITATE</ability>
				<attacks>
					<attack>
						<name>DEVASTATE</name>
						<currPP>15</currPP>
						<PP>15</PP>
					</attack>
				</attacks>
			</pokemon>
			<pokemon>
				<name>TYRANITAR</name>
				<species>TYRANITAR</species>
				<level>20</level>
				<currHP>60</currHP>
				<experience>0</experience>
				<ability>SAND STREAM</ability>
				<attacks>
					<attack>
						<name>DEVASTATE</name>
						<currPP>15</currPP>
						<PP>15</PP>
					</attack>
				</attacks>
			</pokemon>
		</belt>
	</trainer>
	<trainer>
		<name>Eric</name>
		<title>Leader</title>
		<belt>
			<pokemon>
				<name>SALAMENCE</name>
				<species>SALAMENCE</species>
				<level>20</level>
				<currHP>60</currHP>
				<experience>0</experience>
				<ability>MOXIE</ability>
				<attacks>
					<attack>
						<name>DRAGON TAIL</name>
						<currPP>10</currPP>
						<PP>10</PP>
					</attack>
					<attack>
						<name>FLY</name>
						<currPP>15</currPP>
						<PP>15</PP>
					</attack>
					<attack>
						<name>FLAMETHROWER</name>
						<currPP>15</currPP>
						<PP>15</PP>
					</attack>
					<attack>
						<name>CRUNCH</name>
						<currPP>15</currPP>
						<PP>15</PP>
					</attack>
				</attacks>
			</pokemon>
			<pokemon>
				<name>FLYGON</name>
				<species>FLYGON</species>
				<level>20</level>
				<currHP>60</currHP>
				<experience>0</experience>
				<ability>LEVITATE</ability>
				<attacks>
					<attack>
						<name>EARTHQUAKE</name>
						<currPP>10</currPP>
						<PP>10</PP>
					</attack>
					<attack>
						<name>DRAGON CLAW</name>
						<currPP>15</currPP>
						<PP>15</PP>
					</attack>
					<attack>
						<name>SOLAR BEAM</name>
						<currPP>10</currPP>
						<PP>10</PP>
					</attack>
				</attacks>
			</pokemon>
			<pokemon>
				<name>GYARADOS</name>
				<species>GYARADOS</species>
				<level>20</level>
				<currHP>60</currHP>
				<experience>0</experience>
				<ability>MOXIE</ability>
				<attacks>
					<attack>
						<name>SURF</name>
						<currPP>15</currPP>
						<PP>15</PP>
					</attack>
					<attack>
						<name>THUNDERBOLT</name>
						<currPP>15</currPP>
						<PP>15</PP>
					</attack>
					<attack>
						<name>FLAMETHROWER</name>
						<currPP>15</currPP>
						<PP>15</PP>
					</attack>
				</attacks>
			</pokemon>
			<pokemon>
				<name>CHARIZARD</name>
				<species>CHARIZARD</species>
				<level>20</level>
				<currHP>60</currHP>
				<experience>0</experience>
				<ability>BLAZE</ability>
				<attacks>
					<attack>
						<name>TOXIC</name>
						<currPP>10</currPP>
						<PP>10</PP>
					</attack>
					<attack>
						<name>HEAT WAVE</name>
						<currPP>10</currPP>
						<PP>10</PP>
					</attack>
					<attack>
						<name>STRENGTH</name>
						<currPP>15</currPP>
						<PP>15</PP>
					</attack>
					<attack>
						<name>DRAGON CLAW</name>
						<currPP>15</currPP>
						<PP>15</PP>
					</attack>
				</attacks>
			</pokemon>
			<pokemon>
				<name>LATIOS</name>
				<species>LATIOS</species>
				<level>20</level>
				<currHP>60</currHP>
				<experience>0</experience>
				<ability>LEVITATE</ability>
				<attacks>
					<attack>
						<name>DRAGON PULSE</name>
						<currPP>10</currPP>
						<PP>10</PP>
					</attack>
					<attack>
						<name>PSYCHIC</name>
						<currPP>10</currPP>
						<PP>10</PP>
					</attack>
					<attack>
						<name>RECOVER</name>
						<currPP>10</currPP>
						<PP>10</PP>
					</attack>
					<attack>
						<name>ICE BEAM</name>
						<currPP>10</currPP>
						<PP>10</PP>
					</attack>
				</attacks>
			</pokemon>
			<pokemon>
				<name>RAYQUAZA</name>
				<species>RAYQUAZA</species>
				<level>20</level>
				<currHP>60</currHP>
				<experience>0</experience>
				<ability>AIR LOCK</ability>
				<attacks>
					<attack>
						<name>DRAGON PULSE</name>
						<currPP>5</currPP>
						<PP>5</PP>
					</attack>
				</attacks>
			</pokemon>
		</belt>
	</trainer>
	<trainer>
		<name>Robby</name>
		<title>Leader</title>
		<belt>
			<pokemon>
				<name>MAREEP</name>
				<species>MAREEP</species>
				<level>20</level>
				<currHP>60</currHP>
				<experience>0</experience>
				<ability/>
				<attacks>
					<attack>
						<name>IRON TAIL</name>
						<currPP>15</currPP>
						<PP>15</PP>
					</attack>
				</attacks>
			</pokemon>
			<pokemon>
				<name>RAICHU</name>
				<species>RAICHU</species>
				<level>20</level>
				<currHP>60</currHP>
				<experience>0</experience>
				<ability/>
				<attacks>
					<attack>
						<name>VOLT SWITCH</name>
						<currPP>15</currPP>
						<PP>15</PP>
					</attack>
					<attack>
						<name>SURF</name>
						<currPP>15</currPP>
						<PP>15</PP>
					</attack>
				</attacks>
			</pokemon>
			<pokemon>
				<name>ZEKROM</name>
				<species>ZEKROM</species>
				<level>20</level>
				<currHP>60</currHP>
				<experience>0</experience>
				<ability/>
				<attacks>
					<attack>
						<name>OUTRAGE</name>
						<currPP>10</currPP>
						<PP>10</PP>
					</attack>
					<attack>
						<name>BOLT STRIKE</name>
						<currPP>5</currPP>
						<PP>5</PP>
					</attack>
				</attacks>
			</pokemon>
			<pokemon>
				<name>GALVANTULA</name>
				<species>GALVANTULA</species>
				<level>20</level>
				<currHP>60</currHP>
				<experience>0</experience>
				<ability>COMPOUNDEYES</ability>
				<attacks>
					<attack>
						<name>BUG BUZZ</name>
						<currPP>10</currPP>
						<PP>10</PP>
					</attack>
					<attack>
						<name>POISON JAB</name>
						<currPP>10</currPP>
						<PP>10</PP>
					</attack>
				</attacks>
			</pokemon>
			<pokemon>
				<name>EMOLGA</name>
				<species>EMOLGA</species>
				<level>20</level>
				<currHP>60</currHP>
				<experience>0</experience>
				<ability/>
				<attacks>
					<attack>
						<name>SPARK</name>
						<currPP>20</currPP>
						<PP>20</PP>
					</attack>
					<attack>
						<name>ELECTRO BALL</name>
						<currPP>10</currPP>
						<PP>10</PP>
					</attack>
				</attacks>
			</pokemon>
			<pokemon>
				<name>ROTOM</name>
				<species>HEAT ROTOM</species>
				<level>20</level>
				<currHP>60</currHP>
				<experience>0</experience>
				<ability/>
				<attacks>
					<attack>
						<name>OVERHEAT</name>
						<currPP>5</currPP>
						<PP>5</PP>
					</attack>
					<attack>
						<name>THUNDERBOLT</name>
						<currPP>15</currPP>
						<PP>15</PP>
					</attack>
					<attack>
						<name>CONFUSE RAY</name>
						<currPP>10</currPP>
						<PP>10</PP>
					</attack>
					<attack>
						<name>OMINOUS WIND</name>
						<currPP>5</currPP>
						<PP>5</PP>
					</attack>
				</attacks>
			</pokemon>
		</belt>
	</trainer>
	<trainer>
		<name>Alex</name>
		<title>Leader</title>
		<belt>
			<pokemon>
				<name>SCIZOR</name>
				<species>SCIZOR</species>
				<level>20</level>
				<currHP>60</currHP>
				<experience>0</experience>
				<ability>HYPER CUTTER</ability>
				<attacks>
					<attack>
						<name>GROWL</name>
						<currPP>35</currPP>
						<PP>35</PP>
					</attack>
				</attacks>
			</pokemon>
			<pokemon>
				<name>METAGROSS</name>
				<species>METAGROSS</species>
				<level>20</level>
				<currHP>60</currHP>
				<experience>0</experience>
				<ability>SHED SKIN</ability>
				<attacks>
					<attack>
						<name>TACKLE</name>
						<currPP>35</currPP>
						<PP>35</PP>
					</attack>
					<attack>
						<name>GROWL</name>
						<currPP>35</currPP>
						<PP>35</PP>
					</attack>
				</attacks>
			</pokemon>
			<pokemon>
				<name>BISHARP</name>
				<species>BISHARP</species>
				<level>20</level>
				<currHP>60</currHP>
				<experience>0</experience>
				<ability>DEFIANT</ability>
				<attacks>
					<attack>
						<name>TACKLE</name>
						<currPP>35</currPP>
						<PP>35</PP>
					</attack>
					<attack>
						<name>GROWL</name>
						<currPP>35</currPP>
						<PP>35</PP>
					</attack>
				</attacks>
			</pokemon>
		</belt>
	</trainer>
	<trainer>
		<name>Brock</name>
		<title>Gym Leader</title>
		<belt>
			<pokemon>
				<name>GEODUDE</name>
				<species>GEODUDE</species>
				<level>20</level>
				<currHP>1</currHP>
				<experience>0</experience>
				<ability>PRESSURE</ability>
				<attacks>
					<attack>
						<name>IRON TAIL</name>
						<currPP>15</currPP>
						<PP>15</PP>
					</attack>
				</attacks>
			</pokemon>
		</belt>
	</trainer>
</trainers>
